{"emiAmount":1726.7077371148157,"totalAmount":10360.246422688893}